variant,seed,epoch,train_loss,val_loss,val_acc,ood_acc
cnn_masked,0,1,0.15458573228524378,0.03607415733858943,0.9075,0.625
cnn_masked,0,2,0.04070935355654607,0.030832387662182253,0.9491666666666667,0.6666666666666666
cnn_masked,0,3,0.035035465076410525,0.025976888680209715,0.9391666666666667,0.7
cnn_masked,0,4,0.027579147027572616,0.021186217200011015,0.9458333333333333,0.7333333333333333
cnn_masked,0,5,0.023032658354495653,0.025804306380450726,0.9591666666666666,0.775
cnn_masked,0,6,0.022114286105594752,0.020200176125702757,0.9416666666666667,0.7416666666666667
cnn_masked,0,7,0.022912361857015638,0.023382356429162126,0.9475,0.75
cnn_masked,0,8,0.019140383036477335,0.01711792083612333,0.9591666666666666,0.75
cnn_masked,0,9,0.020068375769236202,0.016739587454746168,0.9675,0.7583333333333333
cnn_masked,0,10,0.01829354102907625,0.018574460176751018,0.9691666666666666,0.7666666666666667
cnn_masked,1,1,0.14640410674425464,0.04431728801379601,0.8575,0.6
cnn_masked,1,2,0.036884784740395846,0.0335488747805357,0.875,0.65
cnn_masked,1,3,0.03464087089834114,0.02978046579907338,0.9208333333333333,0.7
cnn_masked,1,4,0.02621614386793226,0.026864975225180387,0.9316666666666666,0.7166666666666667
cnn_masked,1,5,0.02508573447043697,0.026196588141222794,0.9433333333333334,0.7583333333333333
cnn_masked,1,6,0.023778675792370148,0.031074651206533115,0.9583333333333334,0.75
cnn_masked,1,7,0.018029801631055307,0.04498150283082699,0.9308333333333333,0.7416666666666667
cnn_masked,1,8,0.019980542722332757,0.02479324866241465,0.9475,0.7583333333333333
cnn_masked,1,9,0.01598520805845813,0.021183321640516322,0.9608333333333333,0.7583333333333333
cnn_masked,1,10,0.014569678157276939,0.019982147108142573,0.9658333333333333,0.7583333333333333
cnn_masked,2,1,0.14775817440046618,0.03712173877283931,0.8758333333333334,0.5916666666666667
cnn_masked,2,2,0.0464225787234803,0.06261438954000671,0.8366666666666667,0.625
cnn_masked,2,3,0.035485276342369615,0.027422786069413025,0.8925,0.6916666666666667
cnn_masked,2,4,0.030879797133384273,0.029370675484339397,0.8933333333333333,0.675
cnn_masked,2,5,0.024011476676290232,0.022886530806620915,0.9125,0.7
cnn_masked,2,6,0.025574531195840487,0.03165441945505639,0.9058333333333334,0.6833333333333333
cnn_masked,2,7,0.023296360231664343,0.022059878179182608,0.93,0.6916666666666667
cnn_masked,2,8,0.018394465216939958,0.018608163110911846,0.9358333333333333,0.7333333333333333
cnn_masked,2,9,0.01692073774912084,0.018058134863773983,0.9416666666666667,0.7333333333333333
cnn_masked,2,10,0.01743747541855555,0.02859124803217128,0.955,0.7333333333333333
cnn_masked,3,1,0.16610653329330186,0.04609930538572371,0.9275,0.6583333333333333
cnn_masked,3,2,0.04612307058957716,0.021027037252982456,0.9141666666666667,0.6916666666666667
cnn_masked,3,3,0.03744354806219538,0.053782713056231536,0.96,0.775
cnn_masked,3,4,0.03186888189210246,0.01663508281732599,0.9375,0.7416666666666667
cnn_masked,3,5,0.030084295352377617,0.014134094041461745,0.9583333333333334,0.7666666666666667
cnn_masked,3,6,0.025988145045412237,0.013996800873428583,0.9575,0.7583333333333333
cnn_masked,3,7,0.022515199468083058,0.01027038088068366,0.9691666666666666,0.775
cnn_masked,3,8,0.023965637940564194,0.010941649864738187,0.9691666666666666,0.775
cnn_masked,3,9,0.02051658343116287,0.0133725536094668,0.9775,0.775
cnn_masked,3,10,0.016639687860151752,0.02772410906618461,0.965,0.7333333333333333
cnn_masked,4,1,0.17345549245675404,0.02792059676721692,0.855,0.6
cnn_masked,4,2,0.039127561864443126,0.021416238237482805,0.845,0.6166666666666667
cnn_masked,4,3,0.03471532197436318,0.01668639372413357,0.8766666666666667,0.675
cnn_masked,4,4,0.02828045218096425,0.015382177390468618,0.8991666666666667,0.6916666666666667
cnn_masked,4,5,0.022458108929956023,0.012597068368146816,0.91,0.7083333333333334
cnn_masked,4,6,0.023853367267001886,0.023151997476816177,0.94,0.75
cnn_masked,4,7,0.022182893441058695,0.013443673534008363,0.9291666666666667,0.725
cnn_masked,4,8,0.020803383442980702,0.018329499231185764,0.9375,0.7333333333333333
cnn_masked,4,9,0.01818257553871566,0.01011413176699231,0.9491666666666667,0.75
cnn_masked,4,10,0.012937212385731983,0.009359533277650675,0.9483333333333334,0.75
cnn_masked,5,1,0.1681766460587581,0.05787704357256492,0.8358333333333333,0.5666666666666667
cnn_masked,5,2,0.05084680682203422,0.13899425702402368,0.9258333333333333,0.5916666666666667
cnn_masked,5,3,0.03889589528863629,0.03472077349821726,0.865,0.6333333333333333
cnn_masked,5,4,0.0328222033001172,0.03765633159006635,0.8783333333333333,0.6666666666666666
cnn_masked,5,5,0.030282152915606275,0.02405524579808116,0.9158333333333334,0.7083333333333334
cnn_masked,5,6,0.02636189069521303,0.031955623145525656,0.9041666666666667,0.7083333333333334
cnn_masked,5,7,0.023625569062908955,0.03178681821251909,0.9433333333333334,0.7416666666666667
cnn_masked,5,8,0.021337721272138878,0.017419579982136685,0.9358333333333333,0.7333333333333333
cnn_masked,5,9,0.02833806805778295,0.017041432127977412,0.9366666666666666,0.725
cnn_masked,5,10,0.019069250624476505,0.025990483273441594,0.9525,0.7333333333333333
cnn_masked,6,1,0.1566818308799217,0.020815603512649734,0.8258333333333333,0.6416666666666667
cnn_masked,6,2,0.04127397231175564,0.019604404961379867,0.8241666666666667,0.65
cnn_masked,6,3,0.032948502419749275,0.011489902972243726,0.8716666666666667,0.675
cnn_masked,6,4,0.028417180246906357,0.01334929462367048,0.9091666666666667,0.7083333333333334
cnn_masked,6,5,0.025825478293700143,0.009513944193410376,0.915,0.7166666666666667
cnn_masked,6,6,0.026213173144496976,0.012324677120583752,0.9416666666666667,0.7583333333333333
cnn_masked,6,7,0.019072496937199805,0.011488873647370687,0.9408333333333333,0.7583333333333333
cnn_masked,6,8,0.02717082131081649,0.021487100117762264,0.9458333333333333,0.7583333333333333
cnn_masked,6,9,0.021344857221508088,0.009272852602104345,0.9541666666666667,0.75
cnn_masked,6,10,0.018095092273433692,0.0119189332666186,0.9541666666666667,0.7583333333333333
cnn_masked,7,1,0.14213008754421025,0.03844485338777304,0.8766666666666667,0.6
cnn_masked,7,2,0.04465478990226984,0.0238352680268387,0.8575,0.625
cnn_masked,7,3,0.04081223112375786,0.020301877986639738,0.8441666666666666,0.625
cnn_masked,7,4,0.04152089838287793,0.026781231397762895,0.8308333333333333,0.6166666666666667
cnn_masked,7,5,0.03900118917770063,0.025953151596089203,0.8875,0.6666666666666666
cnn_masked,7,6,0.03547480757542265,0.021616559436855216,0.8541666666666666,0.6416666666666667
cnn_masked,7,7,0.031976135642422986,0.02615674476449688,0.905,0.7
cnn_masked,7,8,0.030655600799170013,0.015421290726711353,0.9008333333333334,0.7
cnn_masked,7,9,0.025877693797422885,0.014451062539592385,0.91,0.7
cnn_masked,7,10,0.023572257601966462,0.012734407753062746,0.9158333333333334,0.7
cnn_masked,8,1,0.1639343220864733,0.05593380704522133,0.8766666666666667,0.5916666666666667
cnn_masked,8,2,0.04603476759434367,0.036979940409461655,0.8866666666666667,0.6333333333333333
cnn_masked,8,3,0.03169905302250602,0.06538386324731012,0.8916666666666667,0.6666666666666666
cnn_masked,8,4,0.029319546218030155,0.025562264025211334,0.9275,0.7333333333333333
cnn_masked,8,5,0.02668566084971341,0.02333622386989494,0.9416666666666667,0.725
cnn_masked,8,6,0.020930883772283172,0.024317151634022593,0.9425,0.725
cnn_masked,8,7,0.018251976420482,0.02116119225199024,0.9475,0.7333333333333333
cnn_masked,8,8,0.015324321765898883,0.019026173899571102,0.9466666666666667,0.7333333333333333
cnn_masked,8,9,0.017543124077747052,0.018693020722518366,0.9483333333333334,0.7416666666666667
cnn_masked,8,10,0.013888597641319696,0.024821530872335035,0.9416666666666667,0.7166666666666667
cnn_masked,9,1,0.16790183713504422,0.03483401254440347,0.8091666666666667,0.6
cnn_masked,9,2,0.04551206036781271,0.02819413416242848,0.8641666666666666,0.625
cnn_masked,9,3,0.029026216991866628,0.023673527874052525,0.8633333333333333,0.675
cnn_masked,9,4,0.02886969899487061,0.026788731513079256,0.905,0.7
cnn_masked,9,5,0.030875637830855947,0.018658007960766554,0.9208333333333333,0.7166666666666667
cnn_masked,9,6,0.02348735013549837,0.016740954713895917,0.9266666666666666,0.7416666666666667
cnn_masked,9,7,0.020716746730031446,0.016821215317274135,0.9283333333333333,0.7416666666666667
cnn_masked,9,8,0.022595139542924397,0.03400513413362205,0.93,0.725
cnn_masked,9,9,0.019946880362889108,0.026716739521361887,0.9316666666666666,0.725
cnn_masked,9,10,0.019931776890783414,0.02618546741238485,0.9583333333333334,0.7583333333333333
cnn,0,1,0.12480200341902674,0.009002161406291028,0.9975,0.7083333333333334
cnn,0,2,0.010469928889845808,0.011027152262007197,0.995,0.5166666666666667
cnn,0,3,0.009487435611275335,0.0028145352068046727,0.9991666666666666,0.6833333333333333
cnn,0,4,0.005382125595982264,0.006564488583535422,0.9983333333333333,0.7416666666666667
cnn,0,5,0.006962301031283763,0.002469864387724859,0.9991666666666666,0.7083333333333334
cnn,0,6,0.006923765658290601,0.01655665050020616,0.9933333333333333,0.7916666666666666
cnn,0,7,0.00935010024892108,0.003882651158467828,0.9991666666666666,0.6583333333333333
cnn,0,8,0.004818256242809488,0.0024085081749944948,0.9991666666666666,0.7
cnn,0,9,0.0015562798358875322,0.0005591933283236964,1.0,0.65
cnn,0,10,0.007297756886039224,0.004335800435607477,0.9975,0.7333333333333333
cnn,1,1,0.1035959933430422,0.03688906386378221,0.9858333333333333,0.7916666666666666
cnn,1,2,0.0104431053957281,0.010257954859601645,0.9958333333333333,0.65
cnn,1,3,0.009470092668198048,0.01049128273492291,0.9958333333333333,0.5666666666666667
cnn,1,4,0.007037360682103705,0.0059132999303983524,0.9975,0.7333333333333333
cnn,1,5,0.0019583840046046436,0.004056511912494898,0.9983333333333333,0.7083333333333334
cnn,1,6,0.013968658680678345,0.021051242917565105,0.9925,0.6333333333333333
cnn,1,7,0.0038141001778664455,0.0006921711392351426,1.0,0.675
cnn,1,8,0.003065418172288143,0.0036976449582653004,0.9983333333333333,0.65
cnn,1,9,0.005950553313008792,0.006462273614791532,0.9966666666666667,0.7083333333333334
cnn,1,10,0.010309773376805727,0.012630588438090248,0.9958333333333333,0.7833333333333333
cnn,2,1,0.11368558416240072,0.019543222845337976,0.9933333333333333,0.5416666666666666
cnn,2,2,0.016831048263508515,0.006592433317564428,0.9975,0.6916666666666667
cnn,2,3,0.008930581715976587,0.004362214570088933,0.9975,0.7083333333333334
cnn,2,4,0.007816792331407972,0.003097724232551021,0.9975,0.7083333333333334
cnn,2,5,0.006805814357782462,0.003350404197893416,0.9983333333333333,0.75
cnn,2,6,0.007111377804030781,0.0015829902185942046,1.0,0.725
cnn,2,7,0.007953005622712226,0.004072872904240891,0.9983333333333333,0.725
cnn,2,8,0.0074627965375657366,0.0012271261536322224,1.0,0.7333333333333333
cnn,2,9,0.005077801527801663,0.0027026868848831023,0.9983333333333333,0.675
cnn,2,10,0.005848544626963606,0.004918299611214631,0.9975,0.6916666666666667
cnn,3,1,0.13473768795685223,0.021297917623693745,0.9958333333333333,0.6833333333333333
cnn,3,2,0.025222682713065298,0.018109626622011394,0.995,0.6666666666666666
cnn,3,3,0.01333856124120454,0.014591299327245602,0.9933333333333333,0.775
cnn,3,4,0.008872994131670565,0.0037704450029802197,0.9991666666666666,0.75
cnn,3,5,0.00643742975788579,0.001515030347945867,1.0,0.7
cnn,3,6,0.007325949560848434,0.0009876864687612397,1.0,0.7
cnn,3,7,0.012320063946299342,0.002523521748419929,0.9991666666666666,0.7583333333333333
cnn,3,8,0.005364074894581184,0.0004922607237555591,1.0,0.7166666666666667
cnn,3,9,0.004539567276912446,0.0035462560078768726,0.9983333333333333,0.6
cnn,3,10,0.0026413298401682067,0.00020453129198945894,1.0,0.675
cnn,4,1,0.13113678780927635,0.005004846743152787,0.9983333333333333,0.7083333333333334
cnn,4,2,0.014854992479667999,0.006335039429056148,0.9975,0.775
cnn,4,3,0.011477784238231835,0.0037315727095119655,0.9983333333333333,0.75
cnn,4,4,0.006757244938877799,0.0025181974965562404,0.9991666666666666,0.6333333333333333
cnn,4,5,0.004927782224573699,0.0017484842016225837,0.9991666666666666,0.7416666666666667
cnn,4,6,0.003253828670161359,0.0018656750520259873,0.9991666666666666,0.6333333333333333
cnn,4,7,0.0053579187104818024,0.0006391522359384302,1.0,0.7166666666666667
cnn,4,8,0.003861481922479773,0.0005539221553287158,1.0,0.7083333333333334
cnn,4,9,0.005220363305040034,0.002377409242626527,0.9991666666666666,0.65
cnn,4,10,0.00567381065513473,0.000313519771831731,1.0,0.675
cnn,5,1,0.11737815969002743,0.013613916196239492,0.9958333333333333,0.7333333333333333
cnn,5,2,0.019631162066555893,0.010505851067136973,0.9966666666666667,0.7416666666666667
cnn,5,3,0.013982413194607943,0.010309414632502012,0.9966666666666667,0.6833333333333333
cnn,5,4,0.008059640447900165,0.011769212027502363,0.9958333333333333,0.675
cnn,5,5,0.01271001203895139,0.006194340695704644,0.9975,0.6666666666666666
cnn,5,6,0.006852532700674298,0.005174651781999273,0.9975,0.7
cnn,5,7,0.008091087254773205,0.003018790301818323,0.9991666666666666,0.675
cnn,5,8,0.006001236888150743,0.004731631187799697,0.9975,0.7583333333333333
cnn,5,9,0.002889314490906448,0.0008973941664104738,1.0,0.7166666666666667
cnn,5,10,0.009618858024365788,0.004427733826256978,0.9975,0.7583333333333333
cnn,6,1,0.11389286869127924,0.006192990355581666,0.9983333333333333,0.725
cnn,6,2,0.013113812602629575,0.008688901628678044,0.995,0.7416666666666667
cnn,6,3,0.009775334973480009,0.0021253326825293093,0.9991666666666666,0.7
cnn,6,4,0.005593156660009603,0.00356490834383294,0.9991666666666666,0.6916666666666667
cnn,6,5,0.007257409219121958,0.002241612523296984,0.9983333333333333,0.6416666666666667
cnn,6,6,0.006895154353308802,0.0009744505247605654,0.9991666666666666,0.7
cnn,6,7,0.0034871231472061483,0.003915318393561999,0.9975,0.5416666666666666
cnn,6,8,0.0065050695053529735,0.002776149923856034,0.9983333333333333,0.625
cnn,6,9,0.00442007035606063,0.0036675552849677238,0.9983333333333333,0.6583333333333333
cnn,6,10,0.005782536806115483,0.0014474103736574762,0.9991666666666666,0.7166666666666667
cnn,7,1,0.12614959370500098,0.03107443170544381,0.9908333333333333,0.675
cnn,7,2,0.025473790345713496,0.0056890426979710656,0.9975,0.7083333333333334
cnn,7,3,0.01313166853156872,0.00352227685895438,0.9983333333333333,0.7166666666666667
cnn,7,4,0.016810933004987115,0.003872295938587437,0.9991666666666666,0.7583333333333333
cnn,7,5,0.007637796831938127,0.001986535624988998,0.9991666666666666,0.7
cnn,7,6,0.00651003481366691,0.0023463628895115107,0.9991666666666666,0.5666666666666667
cnn,7,7,0.00789305353298308,0.0023232130139755705,0.9991666666666666,0.6916666666666667
cnn,7,8,0.004693879881815519,0.0013573246493857976,0.9991666666666666,0.6916666666666667
cnn,7,9,0.004216682002364299,0.0009912611421896145,1.0,0.6666666666666666
cnn,7,10,0.004386758473497896,0.0009599622984145147,0.9991666666666666,0.7166666666666667
cnn,8,1,0.12133028169861064,0.01718967881364127,0.9941666666666666,0.7666666666666667
cnn,8,2,0.014232405772005829,0.015935293917815823,0.9941666666666666,0.6166666666666667
cnn,8,3,0.010620717277148894,0.017066196679479617,0.9925,0.5416666666666666
cnn,8,4,0.005184984539664583,0.002237736237778639,1.0,0.6166666666666667
cnn,8,5,0.005253435414851992,0.004564017503677557,0.9966666666666667,0.6916666666666667
cnn,8,6,0.013027914791843311,0.008304505975805418,0.9958333333333333,0.5916666666666667
cnn,8,7,0.0054026450734212025,0.00997651465392361,0.9958333333333333,0.7833333333333333
cnn,8,8,0.00548755371461084,0.020073161459057094,0.995,0.5083333333333333
cnn,8,9,0.00371481073883236,0.0013684972291230224,1.0,0.6916666666666667
cnn,8,10,0.0037379115735317707,0.0011657752984319814,0.9991666666666666,0.7
cnn,9,1,0.11970772597705945,0.009613798038723568,0.9975,0.7083333333333334
cnn,9,2,0.016762734087048255,0.028430650030107547,0.9933333333333333,0.6083333333333333
cnn,9,3,0.011839674807997653,0.010113421943970025,0.9975,0.6916666666666667
cnn,9,4,0.00869091597861067,0.008225982140478058,0.9975,0.7083333333333334
cnn,9,5,0.007758481171489014,0.011962883746794736,0.9975,0.7
cnn,9,6,0.005446435129209324,0.004783866587483014,0.9991666666666666,0.75
cnn,9,7,0.008849456164571166,0.006418553742453999,0.9966666666666667,0.7166666666666667
cnn,9,8,0.004208809218022603,0.0037229704757919535,0.9975,0.7083333333333334
cnn,9,9,0.003020978483740085,0.0033164328627511472,0.9983333333333333,0.6916666666666667
cnn,9,10,0.004031292173262197,0.003388830169569701,0.9991666666666666,0.725
hard_a0.2,0,1,0.030037617422640325,0.015157889778492972,1.0,0.7
hard_a0.2,0,2,0.013595725325867534,0.00886920626120021,0.9983333333333333,0.6083333333333333
hard_a0.2,0,3,0.010918715900431076,0.009028721445550522,0.9991666666666666,0.6583333333333333
hard_a0.2,0,4,0.009190140251691143,0.009612225122206533,0.9916666666666667,0.725
hard_a0.2,0,5,0.007122823644119004,0.006852653226815164,1.0,0.6583333333333333
hard_a0.2,0,6,0.007463890914805233,0.005971038849869122,0.9991666666666666,0.65
hard_a0.2,0,7,0.006989360738856097,0.004627179543604143,1.0,0.6333333333333333
hard_a0.2,0,8,0.007308253405305247,0.004890125273959711,0.9991666666666666,0.6916666666666667
hard_a0.2,0,9,0.006245602221849064,0.0040399766973375035,1.0,0.7333333333333333
hard_a0.2,0,10,0.006109193940646946,0.004409382556332275,1.0,0.725
hard_a0.2,1,1,0.03096151124065121,0.010477423357466856,1.0,0.65
hard_a0.2,1,2,0.016434814321498077,0.006951821463493009,1.0,0.6583333333333333
hard_a0.2,1,3,0.011221029845376809,0.017748005610580247,0.9858333333333333,0.625
hard_a0.2,1,4,0.00972273021315535,0.008525179223700738,0.9966666666666667,0.725
hard_a0.2,1,5,0.007331490200012922,0.006101818347815424,1.0,0.6833333333333333
hard_a0.2,1,6,0.009125541822674374,0.008394377228493491,1.0,0.5916666666666667
hard_a0.2,1,7,0.007860065513911347,0.007604595409551014,1.0,0.725
hard_a0.2,1,8,0.006822409516510864,0.006763393893682708,0.9975,0.7
hard_a0.2,1,9,0.007155825849622488,0.008302215690491721,0.9933333333333333,0.6833333333333333
hard_a0.2,1,10,0.005879781207380195,0.004347400715535817,1.0,0.6583333333333333
hard_a0.2,2,1,0.029797512764732043,0.01750218045587341,0.9883333333333333,0.625
hard_a0.2,2,2,0.012545722716798385,0.16911579171816507,0.5733333333333334,0.5416666666666666
hard_a0.2,2,3,0.010407598167657852,0.006658997794147581,1.0,0.7166666666666667
hard_a0.2,2,4,0.009265969932700197,0.004820894750688846,1.0,0.6666666666666666
hard_a0.2,2,5,0.00853470505370448,0.004651728328705455,1.0,0.65
hard_a0.2,2,6,0.008336900362434486,0.008513497654348612,0.9958333333333333,0.6416666666666667
hard_a0.2,2,7,0.007515733575758835,0.007335888842741649,1.0,0.75
hard_a0.2,2,8,0.005798588590696454,0.0037350533336090543,1.0,0.6333333333333333
hard_a0.2,2,9,0.006131788799539208,0.0038699356470412263,1.0,0.625
hard_a0.2,2,10,0.0057818003526578345,0.0034285065145619833,1.0,0.725
hard_a0.2,3,1,0.028252065644289056,0.010324323685684552,0.9966666666666667,0.7416666666666667
hard_a0.2,3,2,0.0157034425654759,0.006694626295939088,1.0,0.7166666666666667
hard_a0.2,3,3,0.009206017293035985,0.02346995969613393,0.9725,0.6166666666666667
hard_a0.2,3,4,0.011114480355754495,0.007557195378467441,0.9983333333333333,0.55
hard_a0.2,3,5,0.00855864683787028,0.007141392716827492,0.9991666666666666,0.7416666666666667
hard_a0.2,3,6,0.007404110576026142,0.005192617769353092,1.0,0.7083333333333334
hard_a0.2,3,7,0.007255428261123598,0.0072729039141753065,0.9966666666666667,0.6666666666666666
hard_a0.2,3,8,0.006564696761779487,0.007548556566083183,0.9975,0.7
hard_a0.2,3,9,0.00583122833011051,0.005016404771595262,1.0,0.7416666666666667
hard_a0.2,3,10,0.006384028748919566,0.004575563788724442,1.0,0.6416666666666667
hard_a0.2,4,1,0.02508000851298372,0.018007004400715232,1.0,0.625
hard_a0.2,4,2,0.014383405543242892,0.010186115648442259,0.9966666666666667,0.6333333333333333
hard_a0.2,4,3,0.011617669661839802,0.0067355721548665315,1.0,0.65
hard_a0.2,4,4,0.008612674539908766,0.005269743705866858,1.0,0.7
hard_a0.2,4,5,0.010623799124732613,0.00730182888219133,1.0,0.675
hard_a0.2,4,6,0.007669148668646812,0.004941512820854162,1.0,0.6416666666666667
hard_a0.2,4,7,0.006758114912857612,0.00503941821322466,1.0,0.6916666666666667
hard_a0.2,4,8,0.006853199958180387,0.008484101737849414,0.9991666666666666,0.6916666666666667
hard_a0.2,4,9,0.005726440780175229,0.0066068827485044794,0.9991666666666666,0.7
hard_a0.2,4,10,0.005731990059527258,0.004456185987995316,1.0,0.7166666666666667
hard_a0.4,0,1,0.03463685960508883,0.015956740545031305,0.9975,0.7416666666666667
hard_a0.4,0,2,0.014182387959832947,0.010915369028225541,1.0,0.6583333333333333
hard_a0.4,0,3,0.012123831110075116,0.012629852009316286,0.9975,0.6583333333333333
hard_a0.4,0,4,0.009539302084594964,0.020119706576224416,0.9858333333333333,0.6416666666666667
hard_a0.4,0,5,0.007049686017756661,0.00516878977456751,1.0,0.7083333333333334
hard_a0.4,0,6,0.008668434719244639,0.005594672130731245,1.0,0.6583333333333333
hard_a0.4,0,7,0.0076202328347911436,0.004362996279572447,1.0,0.5333333333333333
hard_a0.4,0,8,0.007849616389721632,0.0037409936485346407,1.0,0.725
hard_a0.4,0,9,0.005956349157107373,0.0033773671530070715,1.0,0.725
hard_a0.4,0,10,0.006808448731899262,0.12585511935564378,0.8266666666666667,0.6416666666666667
hard_a0.4,1,1,0.03712824252123634,0.009077112229230503,1.0,0.6833333333333333
hard_a0.4,1,2,0.020476677247012656,0.0065644411370158195,1.0,0.6916666666666667
hard_a0.4,1,3,0.012299672185132901,0.021729080200505752,0.99,0.6333333333333333
hard_a0.4,1,4,0.01070139695579807,0.005686153720792693,0.9983333333333333,0.675
hard_a0.4,1,5,0.007747467282849053,0.004870788533783828,1.0,0.6916666666666667
hard_a0.4,1,6,0.009157961073021094,0.008354066250224909,1.0,0.625
hard_a0.4,1,7,0.009162243761432667,0.004855974150511126,1.0,0.7083333333333334
hard_a0.4,1,8,0.00785931835261484,0.005225377341654773,1.0,0.6833333333333333
hard_a0.4,1,9,0.007243284480646253,0.0038953413895796984,0.9991666666666666,0.725
hard_a0.4,1,10,0.005957606974989176,0.0045470226953815045,0.9991666666666666,0.7
hard_a0.4,2,1,0.03659973072508971,0.06013898923993111,0.97,0.5833333333333334
hard_a0.4,2,2,0.014658493092283606,0.5367524169074992,0.51,0.5
hard_a0.4,2,3,0.011006637633157273,0.005467696387010316,1.0,0.6583333333333333
hard_a0.4,2,4,0.01020882154504458,0.004393921354979587,1.0,0.6833333333333333
hard_a0.4,2,5,0.010342811572675904,0.004245293520701428,1.0,0.6416666666666667
hard_a0.4,2,6,0.010037898250545064,0.006215722920993964,1.0,0.675
hard_a0.4,2,7,0.008234803449983398,0.00551032026608785,1.0,0.75
hard_a0.4,2,8,0.005657454396908482,0.004985210214120646,0.9966666666666667,0.55
hard_a0.4,2,9,0.006812078511963288,0.004566638555843383,1.0,0.625
hard_a0.4,2,10,0.006436456106603146,0.00299092167794394,1.0,0.7333333333333333
hard_a0.4,3,1,0.0330310038694491,0.01304486939140285,0.9966666666666667,0.6833333333333333
hard_a0.4,3,2,0.019679146700849137,0.006428140021550159,1.0,0.725
hard_a0.4,3,3,0.008753200665426751,0.019462034028644364,0.9941666666666666,0.65
hard_a0.4,3,4,0.013133042918828627,0.008289398780713478,0.9983333333333333,0.5583333333333333
hard_a0.4,3,5,0.00866787534672767,0.017096705036237836,0.9891666666666666,0.6083333333333333
hard_a0.4,3,6,0.00741664902617534,0.004809959636380275,1.0,0.7083333333333334
hard_a0.4,3,7,0.006955481184025606,0.005519454833120108,0.9991666666666666,0.675
hard_a0.4,3,8,0.006319404072128236,0.006936620076885447,0.9975,0.6833333333333333
hard_a0.4,3,9,0.005828318091419836,0.005135518265888095,1.0,0.6166666666666667
hard_a0.4,3,10,0.0066769573356335364,0.0035872073494829237,1.0,0.6083333333333333
hard_a0.4,4,1,0.029521771483123304,0.01289623222934703,1.0,0.6583333333333333
hard_a0.4,4,2,0.016718198324864108,0.010776195830355087,0.9975,0.6
hard_a0.4,4,3,0.013263824892540773,0.004830764955841005,1.0,0.65
hard_a0.4,4,4,0.008985908112178247,0.004595668675998847,1.0,0.7333333333333333
hard_a0.4,4,5,0.013060096198072036,0.00577954941157562,1.0,0.6583333333333333
hard_a0.4,4,6,0.007648531428227822,0.00486157196185862,1.0,0.675
hard_a0.4,4,7,0.007404700410552323,0.004511279616660128,1.0,0.6416666666666667
hard_a0.4,4,8,0.006348425863931576,0.02551063196733594,0.9833333333333333,0.55
hard_a0.4,4,9,0.007139152985376616,0.006309623907630642,0.9983333333333333,0.7
hard_a0.4,4,10,0.006257700631394982,0.003226381517985525,1.0,0.7
hard_a0.6,0,1,0.03895108003479739,0.013848059500257174,0.9983333333333333,0.7416666666666667
hard_a0.6,0,2,0.01454861109300206,0.00780785324362417,0.9991666666666666,0.675
hard_a0.6,0,3,0.013097132602706552,0.018063620974620182,0.9966666666666667,0.6416666666666667
hard_a0.6,0,4,0.01034668527233104,0.01189165459072683,0.9933333333333333,0.7
hard_a0.6,0,5,0.006129602789878845,0.003688614883382494,0.9991666666666666,0.7083333333333334
hard_a0.6,0,6,0.008919362981493274,0.01090735507508119,0.9958333333333333,0.6333333333333333
hard_a0.6,0,7,0.007647327155185243,0.005306461360305548,1.0,0.5916666666666667
hard_a0.6,0,8,0.0075221123003090425,0.0032435539760626853,1.0,0.6666666666666666
hard_a0.6,0,9,0.006949958711241683,0.0031041623054382703,1.0,0.775
hard_a0.6,0,10,0.007190598763215045,0.003121972879550109,1.0,0.675
hard_a0.6,1,1,0.04291020357981324,0.007716274820268154,1.0,0.6666666666666666
hard_a0.6,1,2,0.022917001952106754,0.007685489894356579,0.9975,0.725
hard_a0.6,1,3,0.01270420548506081,0.06009351483468587,0.9666666666666667,0.5916666666666667
hard_a0.6,1,4,0.010898494155456623,0.0059362954925745726,0.9991666666666666,0.675
hard_a0.6,1,5,0.007616197229363024,0.0038151689999115965,1.0,0.6916666666666667
hard_a0.6,1,6,0.010540708131156862,0.005676249197373788,1.0,0.7333333333333333
hard_a0.6,1,7,0.010019876807928086,0.0031109270736730346,1.0,0.725
hard_a0.6,1,8,0.007526107857314249,0.003260095933607469,1.0,0.7333333333333333
hard_a0.6,1,9,0.007557165031321347,0.00516677012880488,0.9991666666666666,0.6583333333333333
hard_a0.6,1,10,0.0061106448938759664,0.003101739527968069,1.0,0.7
hard_a0.6,2,1,0.042836086551348365,0.11331197355563442,0.9541666666666667,0.5666666666666667
hard_a0.6,2,2,0.016057260792391996,0.6353347292169929,0.5391666666666667,0.5083333333333333
hard_a0.6,2,3,0.011913475641049444,0.005073204752989113,1.0,0.6583333333333333
hard_a0.6,2,4,0.010277079568865399,0.003047708873054944,1.0,0.65
hard_a0.6,2,5,0.00932027582389613,0.0041337366177079575,1.0,0.5916666666666667
hard_a0.6,2,6,0.012344072881775598,0.005128167414416869,1.0,0.7083333333333334
hard_a0.6,2,7,0.00910875985554109,0.003513865357187266,1.0,0.6583333333333333
hard_a0.6,2,8,0.0052422230519975225,0.005064077102967228,0.9966666666666667,0.6166666666666667
hard_a0.6,2,9,0.007689213254489005,0.004329066548962146,1.0,0.6916666666666667
hard_a0.6,2,10,0.0063321937597356735,0.0023309398335792744,1.0,0.7166666666666667
hard_a0.6,3,1,0.0374963034161677,0.026868103314579155,0.9916666666666667,0.6
hard_a0.6,3,2,0.020101716682935755,0.0061751001824935274,1.0,0.7
hard_a0.6,3,3,0.0078096556958432,0.07324811668756108,0.9583333333333334,0.6166666666666667
hard_a0.6,3,4,0.014291536662106712,0.006052607359985511,1.0,0.525
hard_a0.6,3,5,0.008812423857549826,0.011042133749773106,0.9941666666666666,0.6166666666666667
hard_a0.6,3,6,0.007580267949961126,0.005326371106396739,0.9991666666666666,0.65
hard_a0.6,3,7,0.007562320879660547,0.005303807178279385,0.9991666666666666,0.6666666666666666
hard_a0.6,3,8,0.006215593010808031,0.00871589803379417,0.9958333333333333,0.75
hard_a0.6,3,9,0.006642235286223392,0.006338083088242759,0.9983333333333333,0.675
hard_a0.6,3,10,0.007844698157471915,0.0030348493019118905,1.0,0.6333333333333333
hard_a0.6,4,1,0.03336407025655111,0.008985056231419245,1.0,0.6666666666666666
hard_a0.6,4,2,0.018546299807106457,0.01542125673343738,0.9958333333333333,0.6333333333333333
hard_a0.6,4,3,0.01499302313507845,0.012788209598511457,0.9966666666666667,0.65
hard_a0.6,4,4,0.009532129213524362,0.0032848952299294374,1.0,0.7
hard_a0.6,4,5,0.014291008811754486,0.004725194536149502,1.0,0.5833333333333334
hard_a0.6,4,6,0.007881140181173881,0.00361968923243694,1.0,0.7083333333333334
hard_a0.6,4,7,0.0073746157065033915,0.00345106089177231,1.0,0.6333333333333333
hard_a0.6,4,8,0.006962317546519141,0.013332516110191742,0.995,0.625
hard_a0.6,4,9,0.008307612650096417,0.0034316663707916937,1.0,0.7333333333333333
hard_a0.6,4,10,0.006418512389839938,0.0022621728567173705,1.0,0.7083333333333334
hard_a0.6,5,1,0.03936004741427799,0.025974912685342133,0.9875,0.6083333333333333
hard_a0.6,5,2,0.014806733834557235,0.007796855051613723,0.9991666666666666,0.65
hard_a0.6,5,3,0.010699606506774822,0.01220042041192452,0.9983333333333333,0.6
hard_a0.6,5,4,0.01106805697704355,0.015177420233764375,0.9925,0.625
hard_a0.6,5,5,0.01257360317899535,0.004809793647533904,1.0,0.7
hard_a0.6,5,6,0.00754692240152508,0.004055349893557529,1.0,0.6333333333333333
hard_a0.6,5,7,0.007310048250171046,0.002623260710000371,1.0,0.6916666666666667
hard_a0.6,5,8,0.006930246309687694,0.003064461013612648,1.0,0.6666666666666666
hard_a0.6,5,9,0.005759219496200482,0.12229388817407501,0.9333333333333333,0.5833333333333334
hard_a0.6,5,10,0.00831833569953839,0.024472018470987678,0.9908333333333333,0.6416666666666667
hard_a0.6,6,1,0.03866028969486555,0.009238803778619816,0.9991666666666666,0.675
hard_a0.6,6,2,0.015402609667119881,0.004296084904732804,1.0,0.6916666666666667
hard_a0.6,6,3,0.012153198389957348,0.005614774743056235,1.0,0.6333333333333333
hard_a0.6,6,4,0.01388632799188296,0.005938206129940227,0.9983333333333333,0.7333333333333333
hard_a0.6,6,5,0.010214820029214025,0.007432873632448415,0.9975,0.75
hard_a0.6,6,6,0.012879350256795685,0.006125706839763249,1.0,0.7583333333333333
hard_a0.6,6,7,0.007857446586713194,0.03326375171309337,0.9783333333333334,0.7666666666666667
hard_a0.6,6,8,0.006964385711277525,0.00321706008980982,1.0,0.6666666666666666
hard_a0.6,6,9,0.006253787280681233,0.004639367471099831,0.9983333333333333,0.65
hard_a0.6,6,10,0.008120445615301529,0.053098418128987156,0.9716666666666667,0.48333333333333334
hard_a0.6,7,1,0.039369817317153014,0.012139983552818498,0.9991666666666666,0.6666666666666666
hard_a0.6,7,2,0.01723799973571052,0.006828679547955592,0.9975,0.6666666666666666
hard_a0.6,7,3,0.012718226490542293,0.00450809618147711,1.0,0.6833333333333333
hard_a0.6,7,4,0.012335221547012528,0.007970741367898881,0.9991666666666666,0.6583333333333333
hard_a0.6,7,5,0.018524566165482006,0.005240618794535597,1.0,0.7416666666666667
hard_a0.6,7,6,0.010128656555898487,0.0048810988664627075,0.9991666666666666,0.625
hard_a0.6,7,7,0.0071176222044353685,0.008632585251082977,0.9983333333333333,0.7166666666666667
hard_a0.6,7,8,0.008500541479637226,0.0029642239678651094,1.0,0.6916666666666667
hard_a0.6,7,9,0.008167148733822007,0.0032335036084987223,1.0,0.7583333333333333
hard_a0.6,7,10,0.00564216452340285,0.0024065092584351078,1.0,0.75
hard_a0.6,8,1,0.03947682382228474,0.014133162835302452,0.9991666666666666,0.675
hard_a0.6,8,2,0.020470168340640763,0.013140630520259341,0.9958333333333333,0.7166666666666667
hard_a0.6,8,3,0.01157128855586052,0.005688399707044785,1.0,0.65
hard_a0.6,8,4,0.010676831087718407,0.008821131205574298,0.9933333333333333,0.575
hard_a0.6,8,5,0.007676133080385625,0.004074682811430345,1.0,0.6583333333333333
hard_a0.6,8,6,0.012639514883048833,0.0038760206662118435,1.0,0.65
hard_a0.6,8,7,0.006014952220333119,0.009445938281714916,0.9966666666666667,0.6666666666666666
hard_a0.6,8,8,0.010028515298229953,0.007567810205121835,0.9966666666666667,0.65
hard_a0.6,8,9,0.005341392001137138,0.0033617327571846545,0.9991666666666666,0.6833333333333333
hard_a0.6,8,10,0.006699021595995874,0.11621675411394487,0.9383333333333334,0.5833333333333334
hard_a0.6,9,1,0.044048757056395216,0.007348524057306349,1.0,0.6833333333333333
hard_a0.6,9,2,0.01682043348128597,0.005177426016113411,1.0,0.65
hard_a0.6,9,3,0.011223527824816604,0.0060038696974515915,0.9991666666666666,0.65
hard_a0.6,9,4,0.01076389487988005,0.004649951006285846,1.0,0.6916666666666667
hard_a0.6,9,5,0.01021028867457062,0.007473016332369298,0.9991666666666666,0.5583333333333333
hard_a0.6,9,6,0.006478267124233147,0.009138024664328745,0.995,0.675
hard_a0.6,9,7,0.010530211801330248,0.004123832972254604,1.0,0.625
hard_a0.6,9,8,0.0067070284377162654,0.003371775868193557,1.0,0.6
hard_a0.6,9,9,0.005812141147131722,0.0027049515823212764,1.0,0.675
hard_a0.6,9,10,0.010853926679119467,0.26024840322012704,0.7983333333333333,0.48333333333333334
hard_a0.8,0,1,0.04298832432366908,0.008885513535157466,0.9991666666666666,0.725
hard_a0.8,0,2,0.014250366254709662,0.006117022324663897,0.9991666666666666,0.675
hard_a0.8,0,3,0.014318967952082555,0.027668519721676905,0.9933333333333333,0.6333333333333333
hard_a0.8,0,4,0.01075771189139535,0.028684782029207174,0.9866666666666667,0.575
hard_a0.8,0,5,0.0053893717223157485,0.004756938084028661,0.9991666666666666,0.7083333333333334
hard_a0.8,0,6,0.01012053523135061,0.004088234932472308,1.0,0.675
hard_a0.8,0,7,0.008047026056641092,0.01087410325029244,0.9975,0.55
hard_a0.8,0,8,0.0073502526075268785,0.002007700953981839,1.0,0.7166666666666667
hard_a0.8,0,9,0.005453651025115202,0.0018358436257888873,1.0,0.625
hard_a0.8,0,10,0.007673642798326909,0.023627089336514473,0.995,0.6583333333333333
hard_a0.8,1,1,0.048920007264241575,0.007801695416371028,1.0,0.6666666666666666
hard_a0.8,1,2,0.02723607657942921,0.008144416497088969,1.0,0.6166666666666667
hard_a0.8,1,3,0.013856184345980486,0.038411148600668334,0.9875,0.6083333333333333
hard_a0.8,1,4,0.011429165765487899,0.004306237863299127,0.9991666666666666,0.7333333333333333
hard_a0.8,1,5,0.006660255402481804,0.0032796485077900193,1.0,0.6916666666666667
hard_a0.8,1,6,0.009679702236317098,0.008412217313889414,0.9975,0.75
hard_a0.8,1,7,0.01182069342661028,0.0024506107826406756,1.0,0.6916666666666667
hard_a0.8,1,8,0.007674465392095348,0.0021425204273934164,1.0,0.6916666666666667
hard_a0.8,1,9,0.008198016604874283,0.0017365852788013096,1.0,0.7166666666666667
hard_a0.8,1,10,0.006889722103563448,0.001887520804302767,1.0,0.675
hard_a0.8,2,1,0.049096083116407195,0.10404912615194917,0.9725,0.6166666666666667
hard_a0.8,2,2,0.016990825883112848,0.011379942996427417,0.9958333333333333,0.65
hard_a0.8,2,3,0.012432629517279565,0.0076965860013539595,0.9958333333333333,0.6833333333333333
hard_a0.8,2,4,0.012337099582267304,0.002088400962141653,1.0,0.6666666666666666
hard_a0.8,2,5,0.011055523668571064,0.00204600400563019,1.0,0.7
hard_a0.8,2,6,0.013548090864593784,0.0032900473840224245,1.0,0.6833333333333333
hard_a0.8,2,7,0.008640610054911424,0.003075836410668368,1.0,0.5666666666666667
hard_a0.8,2,8,0.0045049379036451375,0.017090458966170747,0.9941666666666666,0.5666666666666667
hard_a0.8,2,9,0.006098651275970042,0.013665174182582026,0.9941666666666666,0.6083333333333333
hard_a0.8,2,10,0.007435577402357012,0.001789573929272592,1.0,0.7
hard_a0.8,3,1,0.04186190091383954,0.049722918867094755,0.9791666666666666,0.5916666666666667
hard_a0.8,3,2,0.02247070935399582,0.00777175510302186,1.0,0.7083333333333334
hard_a0.8,3,3,0.006750235913010935,0.06273031987560292,0.9775,0.625
hard_a0.8,3,4,0.015245594557685156,0.005304163399462898,1.0,0.5416666666666666
hard_a0.8,3,5,0.007530105670448393,0.007344354467932135,0.9975,0.675
hard_a0.8,3,6,0.00891490030878534,0.004951163864461705,0.9991666666666666,0.7
hard_a0.8,3,7,0.008136599590846647,0.004465476929908618,1.0,0.6833333333333333
hard_a0.8,3,8,0.005906555328207711,0.004769266985628444,0.9975,0.6666666666666666
hard_a0.8,3,9,0.006407709945148478,0.01292300566274207,0.9966666666666667,0.6583333333333333
hard_a0.8,3,10,0.008396710876064997,0.0016358660941477865,1.0,0.7
hard_a0.8,4,1,0.03727968589713176,0.0066316309773052735,1.0,0.675
hard_a0.8,4,2,0.020003853362674514,0.008280543581349775,0.9983333333333333,0.625
hard_a0.8,4,3,0.015611128862947226,0.0029044973004298904,1.0,0.6416666666666667
hard_a0.8,4,4,0.00909066668789213,0.002472814938907201,1.0,0.6916666666666667
hard_a0.8,4,5,0.018347066714583585,0.0024984805301452675,1.0,0.6416666666666667
hard_a0.8,4,6,0.009056104029684016,0.0030843998732355735,1.0,0.7
hard_a0.8,4,7,0.007136488899899026,0.002592476763917754,1.0,0.6583333333333333
hard_a0.8,4,8,0.00534117816404129,0.2198474285348008,0.8741666666666666,0.6833333333333333
hard_a0.8,4,9,0.009579108956580361,0.0021082299936097115,1.0,0.75
hard_a0.8,4,10,0.006436629854142666,0.001255521133619671,1.0,0.6833333333333333
hard_a1.0,0,1,0.046981912362389265,0.0059559452735508485,0.9991666666666666,0.725
hard_a1.0,0,2,0.014217021258858343,0.003410245602329572,0.9991666666666666,0.7166666666666667
hard_a1.0,0,3,0.015177791689833004,0.1257505371128597,0.9566666666666667,0.6416666666666667
hard_a1.0,0,4,0.010613396176680301,0.016035214813162686,0.9933333333333333,0.6333333333333333
hard_a1.0,0,5,0.005006167167739477,0.0022757317735037455,1.0,0.6666666666666666
hard_a1.0,0,6,0.008466261203526908,0.004143613017125365,1.0,0.65
hard_a1.0,0,7,0.0072690012902603485,0.09055031198416448,0.9666666666666667,0.5
hard_a1.0,0,8,0.00759341916302219,0.0006374566728482023,1.0,0.6333333333333333
hard_a1.0,0,9,0.00508112334452259,0.0007518164438806707,1.0,0.5583333333333333
hard_a1.0,0,10,0.007219883286373564,0.04220289902877994,0.9841666666666666,0.5
hard_a1.0,1,1,0.05465865494062503,0.006704354425892234,1.0,0.6833333333333333
hard_a1.0,1,2,0.027485109232366085,0.09172109803830608,0.9641666666666666,0.7583333333333333
hard_a1.0,1,3,0.0133215839539965,0.09748753829808265,0.96,0.5916666666666667
hard_a1.0,1,4,0.01369162803069533,0.0026387176779583874,0.9991666666666666,0.7166666666666667
hard_a1.0,1,5,0.008383491260465234,0.010344928693181524,0.9966666666666667,0.6916666666666667
hard_a1.0,1,6,0.01981103057701451,0.003056729275461597,0.9991666666666666,0.6916666666666667
hard_a1.0,1,7,0.013695128480127702,0.0012146702986986686,1.0,0.6833333333333333
hard_a1.0,1,8,0.006455022347702955,0.001121775838934506,1.0,0.7083333333333334
hard_a1.0,1,9,0.008173562933346451,0.0006484816840384156,1.0,0.65
hard_a1.0,1,10,0.005421060192093137,0.0015812918936717324,0.9991666666666666,0.7333333333333333
hard_a1.0,2,1,0.05451197567395866,0.13718943303683773,0.9691666666666666,0.6333333333333333
hard_a1.0,2,2,0.018906874988460914,0.9549019508995116,0.6008333333333333,0.5416666666666666
hard_a1.0,2,3,0.01370975077423888,0.004579206618169944,0.9991666666666666,0.65
hard_a1.0,2,4,0.012486418603220955,0.00087112067558337,1.0,0.6583333333333333
hard_a1.0,2,5,0.010943675706463788,0.0008068611302102605,1.0,0.6916666666666667
hard_a1.0,2,6,0.01335836579441093,0.005258244525369567,1.0,0.6666666666666666
hard_a1.0,2,7,0.009505439463100628,0.003692066811102753,0.9983333333333333,0.6166666666666667
hard_a1.0,2,8,0.0035637692536208,0.025805838253290858,0.9941666666666666,0.6083333333333333
hard_a1.0,2,9,0.005917090222452922,0.007026313052241069,0.9983333333333333,0.6416666666666667
hard_a1.0,2,10,0.004910798610459703,0.023569046889861056,0.99,0.6083333333333333
hard_a1.0,3,1,0.0462578608483697,0.044124919186288025,0.9858333333333333,0.5916666666666667
hard_a1.0,3,2,0.02369861399832492,0.0033426859493677816,1.0,0.6666666666666666
hard_a1.0,3,3,0.005564270316099283,0.2367678997185673,0.8883333333333333,0.625
hard_a1.0,3,4,0.01567293882719241,0.003988973544134448,0.9991666666666666,0.5416666666666666
hard_a1.0,3,5,0.006987408386000121,0.011152199889873296,0.9941666666666666,0.6416666666666667
hard_a1.0,3,6,0.008028998810356522,0.0022010526057177535,1.0,0.7
hard_a1.0,3,7,0.00856320161294813,0.0035938346627517603,0.9991666666666666,0.7333333333333333
hard_a1.0,3,8,0.005141251004000272,0.00637330570392199,0.9975,0.7083333333333334
hard_a1.0,3,9,0.00562420002958485,0.002457881768198907,0.9991666666666666,0.65
hard_a1.0,3,10,0.0068779216896897805,0.00044436804940535996,1.0,0.6166666666666667
hard_a1.0,4,1,0.04156645777480056,0.004095621639862657,1.0,0.6833333333333333
hard_a1.0,4,2,0.02215335850448658,0.05792673007272242,0.9816666666666667,0.5916666666666667
hard_a1.0,4,3,0.017009458828057784,0.03113056802006516,0.9891666666666666,0.6083333333333333
hard_a1.0,4,4,0.008985870195998965,0.0013458606942246358,1.0,0.6666666666666666
hard_a1.0,4,5,0.011742915793632468,0.004095568593281011,1.0,0.6166666666666667
hard_a1.0,4,6,0.008242017150769243,0.002457567745295819,1.0,0.6583333333333333
hard_a1.0,4,7,0.006213469873740299,0.0020520807108065733,1.0,0.6083333333333333
hard_a1.0,4,8,0.006653389717976097,0.1322263378339509,0.955,0.6166666666666667
hard_a1.0,4,9,0.007856955976021708,0.0024499608632216527,0.9991666666666666,0.7083333333333334
hard_a1.0,4,10,0.005546662292981636,0.00018994532486734292,1.0,0.675
hard_a1.0,5,1,0.04948023442799846,0.02164164267014712,0.9908333333333333,0.575
hard_a1.0,5,2,0.017480993268545717,0.009473735832822664,0.9966666666666667,0.6
hard_a1.0,5,3,0.010721762916849306,0.04490872646905094,0.9916666666666667,0.6333333333333333
hard_a1.0,5,4,0.011467326548105727,0.009114639078082595,0.9966666666666667,0.6083333333333333
hard_a1.0,5,5,0.015098368908220437,0.0027437168755568564,1.0,0.7083333333333334
hard_a1.0,5,6,0.007308260524538734,0.0010141525684351411,1.0,0.575
hard_a1.0,5,7,0.006935699755704263,0.00048615918785799295,1.0,0.6166666666666667
hard_a1.0,5,8,0.008540273342950967,0.0010839242847093071,1.0,0.6333333333333333
hard_a1.0,5,9,0.005653396373879029,0.25648894275824813,0.92,0.5916666666666667
hard_a1.0,5,10,0.008270997741346946,0.0023838941851863638,1.0,0.675
hard_a1.0,6,1,0.04854761777135233,0.007472549487526218,1.0,0.6833333333333333
hard_a1.0,6,2,0.01682184006009872,0.002089436932389314,1.0,0.6833333333333333
hard_a1.0,6,3,0.013710980346271147,0.0015992278640624136,1.0,0.625
hard_a1.0,6,4,0.01709581011518215,0.0033345550170148877,0.9991666666666666,0.7
hard_a1.0,6,5,0.010825428742391523,0.00389934343790325,0.9991666666666666,0.7083333333333334
hard_a1.0,6,6,0.01285622732708968,0.006255943393625785,0.9983333333333333,0.7083333333333334
hard_a1.0,6,7,0.00722880143119255,0.2870449902613958,0.9266666666666666,0.6833333333333333
hard_a1.0,6,8,0.009181182304261407,0.0011732832936104387,1.0,0.6666666666666666
hard_a1.0,6,9,0.005215017277150764,0.0019364606803264905,0.9991666666666666,0.675
hard_a1.0,6,10,0.007985247594915564,3.484688974916935,0.5133333333333333,0.4583333333333333
hard_a1.0,7,1,0.04975856666142742,0.014531268582989773,0.9983333333333333,0.675
hard_a1.0,7,2,0.020612826199891666,0.0046213368138220785,0.9983333333333333,0.6916666666666667
hard_a1.0,7,3,0.01614076126017608,0.0016714938974473625,1.0,0.675
hard_a1.0,7,4,0.01311688961480589,0.018319146707654,0.9991666666666666,0.6833333333333333
hard_a1.0,7,5,0.025892106805792233,0.006187652567556749,0.9991666666666666,0.6916666666666667
hard_a1.0,7,6,0.011279612973448821,0.002362554495145256,0.9991666666666666,0.6916666666666667
hard_a1.0,7,7,0.007806955560614975,0.003109751424441735,1.0,0.7
hard_a1.0,7,8,0.0078118592340615575,0.0010542330128373578,1.0,0.725
hard_a1.0,7,9,0.008290446432996153,0.0011620144844831277,1.0,0.75
hard_a1.0,7,10,0.005285605527308993,0.0003360896056013492,1.0,0.7583333333333333
hard_a1.0,8,1,0.050302515709772705,0.013558219633220384,0.9991666666666666,0.7
hard_a1.0,8,2,0.026225047146823877,0.020737041486427188,0.9925,0.65
hard_a1.0,8,3,0.012984669283226443,0.0033524919708725065,1.0,0.675
hard_a1.0,8,4,0.011530556977183248,0.008591383976939445,0.9941666666666666,0.6333333333333333
hard_a1.0,8,5,0.006189309590651343,0.0010841839781884726,1.0,0.65
hard_a1.0,8,6,0.017516832168912515,0.006787368969526142,0.9983333333333333,0.65
hard_a1.0,8,7,0.004426010277942017,0.003669947730183291,0.9983333333333333,0.6833333333333333
hard_a1.0,8,8,0.010002817570639309,0.0025347730891856677,1.0,0.625
hard_a1.0,8,9,0.004814220548699571,0.0029639986072046063,0.9991666666666666,0.7083333333333334
hard_a1.0,8,10,0.007328048570149501,0.12795723056895744,0.9508333333333333,0.6
hard_a1.0,9,1,0.05645580569126954,0.00515991043842708,0.9991666666666666,0.725
hard_a1.0,9,2,0.018918251297048605,0.0014551953063346446,1.0,0.6416666666666667
hard_a1.0,9,3,0.011614207354917501,0.005121309855894651,0.9991666666666666,0.6416666666666667
hard_a1.0,9,4,0.011246036303928121,0.002776776411337778,1.0,0.6666666666666666
hard_a1.0,9,5,0.00838429145529517,0.0070226066309260204,0.9966666666666667,0.6666666666666666
hard_a1.0,9,6,0.005154908276793624,0.014043565480581796,0.9966666666666667,0.5
hard_a1.0,9,7,0.008604781323617014,0.23882218192496416,0.8891666666666667,0.5916666666666667
hard_a1.0,9,8,0.006891348985518562,0.0021286188712110743,1.0,0.6666666666666666
hard_a1.0,9,9,0.004426477461092873,0.00029116556894829654,1.0,0.6583333333333333
hard_a1.0,9,10,0.009261977384000298,1.571586434807917,0.5066666666666667,0.48333333333333334
soft,0,1,0.030147177789670725,0.03692999070820709,0.9758333333333333,0.7333333333333333
soft,0,2,0.020194427566602825,0.009148138808086514,0.6266666666666667,0.5166666666666667
soft,0,3,0.013745726642664522,0.008747475648609301,0.5033333333333333,0.5
soft,0,4,0.011375531838663543,0.0076130948824963225,0.51,0.5
soft,0,5,0.008966075916929791,0.02296416540533149,0.6033333333333334,0.5
soft,0,6,0.011129963087344853,0.005130393372382969,0.6858333333333333,0.5083333333333333
soft,0,7,0.005304778432085489,2.598167599091539,0.5,0.5
soft,0,8,0.004888635545697373,0.004895807476714253,0.5,0.5
soft,0,9,0.005584245885256678,0.008863254411456486,0.655,0.5583333333333333
soft,0,10,0.004078168404327395,0.0016643112515642617,0.7275,0.575
soft,1,1,0.035191459351529675,0.020864611802001793,0.5708333333333333,0.5166666666666667
soft,1,2,0.02574405840287606,0.048018568040182195,0.5141666666666667,0.5
soft,1,3,0.016407151089515536,0.01065323338843882,0.9775,0.5083333333333333
soft,1,4,0.012854197338068236,0.017415005500273157,0.5,0.5
soft,1,5,0.009281776507462685,0.03541924476545925,0.505,0.5
soft,1,6,0.007411821098260892,0.007394178576457004,0.9941666666666666,0.7083333333333334
soft,1,7,0.007772691335412673,0.004060223640408367,0.5008333333333334,0.5
soft,1,8,0.008150356143596582,0.008164605817000847,0.5,0.5
soft,1,9,0.00518222707672976,0.007665711649072667,0.5,0.5
soft,1,10,0.006912657115026377,0.006840442530422782,0.5,0.5
soft,2,1,0.03445405732219418,0.029168891565253336,0.5241666666666667,0.5166666666666667
soft,2,2,0.022253039517284683,0.0117082962145408,0.905,0.5583333333333333
soft,2,3,0.016553616538100564,0.019115583583091695,0.6358333333333334,0.5
soft,2,4,0.011863560009514914,0.08391612442210317,0.9966666666666667,0.675
soft,2,5,0.010254046005041649,0.04189202638614612,0.9833333333333333,0.65
soft,2,6,0.009423885120583387,0.07004634665887959,0.5,0.5083333333333333
soft,2,7,0.007523905360916009,0.01488696035327545,0.5108333333333334,0.5666666666666667
soft,2,8,0.004134784927979733,0.029866589873563498,0.5008333333333334,0.525
soft,2,9,0.008635752598832673,0.04009390902865562,0.9941666666666666,0.7333333333333333
soft,2,10,0.0045805038317727545,0.003828914608069075,0.5183333333333333,0.625
soft,3,1,0.0324994809149454,0.012833720499960085,0.9691666666666666,0.5916666666666667
soft,3,2,0.021653432658252616,0.026662946678698063,0.9933333333333333,0.75
soft,3,3,0.017303427840427807,0.005049932670469086,0.9983333333333333,0.6833333333333333
soft,3,4,0.017235046517259132,0.010979449754813686,0.5108333333333334,0.5
soft,3,5,0.009508208583962794,0.004546731914160773,0.8533333333333334,0.5583333333333333
soft,3,6,0.005536597579872856,0.005723445521046718,0.5041666666666667,0.5
soft,3,7,0.007953275592493203,0.03078064730895373,0.5,0.5
soft,3,8,0.005649906805483624,0.005175104726125331,0.5291666666666667,0.5333333333333333
soft,3,9,0.004737072315377493,0.0016527999056658398,0.5,0.5
soft,3,10,0.004577453054759341,0.04069141581809769,0.5,0.5
soft,4,1,0.03494368105661124,0.023416080124055345,0.5,0.5
soft,4,2,0.021629625098624577,0.12395607288150738,0.5108333333333334,0.5333333333333333
soft,4,3,0.022195360373395184,0.05784061336695837,0.9758333333333333,0.6833333333333333
soft,4,4,0.015459191321860999,0.07473233153965946,0.9958333333333333,0.7166666666666667
soft,4,5,0.011790296660425763,0.0027992333634756505,0.9,0.6166666666666667
soft,4,6,0.010344340788239302,0.008022581459954381,0.6658333333333334,0.6916666666666667
soft,4,7,0.008249158276788269,0.06260631027180352,0.5108333333333334,0.55
soft,4,8,0.004896666882171606,0.0010887569684806901,0.5108333333333334,0.625
soft,4,9,0.003143079294047008,0.06355766343949654,0.9316666666666666,0.6666666666666666
soft,4,10,0.0053266621553727115,0.0005856784143058272,0.5033333333333333,0.575
soft,5,1,0.03431862288620323,0.02920208390181263,0.8075,0.6083333333333333
soft,5,2,0.02079268597609674,0.04920399941814443,0.5291666666666667,0.5166666666666667
soft,5,3,0.01636614096467383,0.0948855171057706,0.5733333333333334,0.5
soft,5,4,0.011718149519680688,0.46487928601466894,0.5,0.5
soft,5,5,0.00793886222721388,0.005840441231460621,0.5,0.5
soft,5,6,0.009122246361803263,0.004025673377327621,0.5016666666666667,0.5
soft,5,7,0.004477556439621063,0.029695285387181986,0.5,0.5
soft,5,8,0.004591371678592016,0.003316586856575062,0.5033333333333333,0.5
soft,5,9,0.007056503815304798,0.01207309317154189,0.5,0.5
soft,5,10,0.004401930435366618,0.008293135867764553,0.5,0.5
soft,6,1,0.034648976985675595,0.021721448050811887,0.9575,0.6
soft,6,2,0.02886366559114928,0.012132757188131412,0.9441666666666667,0.5666666666666667
soft,6,3,0.024062028182670475,0.01295493139574925,0.9941666666666666,0.75
soft,6,4,0.01550008356377172,0.039871485612820834,0.9975,0.675
soft,6,5,0.014360040589623774,0.00540481845382601,0.9916666666666667,0.6583333333333333
soft,6,6,0.012267500978002015,0.005381695402320474,0.9966666666666667,0.7666666666666667
soft,6,7,0.010081112826398264,0.001814094391496231,0.5225,0.5166666666666667
soft,6,8,0.006539442654466257,0.026659557013772428,0.5,0.5
soft,6,9,0.006956376918630364,0.0015601955625849466,0.5,0.5416666666666666
soft,6,10,0.008643307151117673,0.0029481902214077613,0.6225,0.525
soft,7,1,0.03470554495851199,0.011186980875208974,0.9858333333333333,0.6833333333333333
soft,7,2,0.02204788537075122,0.01152463722974062,0.99,0.65
soft,7,3,0.013735304146151369,0.006986228477520247,0.9958333333333333,0.7416666666666667
soft,7,4,0.00948897359892726,0.012341653152058521,0.9825,0.55
soft,7,5,0.009374534365876267,0.013899602306385836,0.7325,0.6333333333333333
soft,7,6,0.0071004272465749335,0.007225790764399183,0.8616666666666667,0.5583333333333333
soft,7,7,0.010813076390962427,0.8609600184184577,0.5658333333333333,0.5083333333333333
soft,7,8,0.00632271603642342,0.01104328376823105,0.8925,0.65
soft,7,9,0.009552537694301767,0.010834857591059214,0.9208333333333333,0.6916666666666667
soft,7,10,0.006663786301117701,0.022056416453172762,0.5,0.5
soft,8,1,0.03140977052350839,0.022061100772892434,0.9508333333333333,0.6916666666666667
soft,8,2,0.019838195523479953,0.013928251108154655,0.985,0.7416666666666667
soft,8,3,0.016409393090677137,0.4704067284086098,0.52,0.5166666666666667
soft,8,4,0.012565727455851933,0.010212879589137932,0.5208333333333334,0.525
soft,8,5,0.01239777800141989,0.009211641387082636,0.9883333333333333,0.7416666666666667
soft,8,6,0.008871044038872546,0.008936702011851594,0.5,0.575
soft,8,7,0.004896599166095257,0.018952349841129035,0.5,0.5
soft,8,8,0.006297013199655339,0.004678473783618149,0.5033333333333333,0.5083333333333333
soft,8,9,0.0037260387366404757,0.004382326393776263,0.5016666666666667,0.5583333333333333
soft,8,10,0.012220373690555182,0.012457465558933714,0.9816666666666667,0.6833333333333333
soft,9,1,0.03661035754873107,0.01671981648541987,0.5091666666666667,0.5166666666666667
soft,9,2,0.02077336273000886,0.010451726266182959,0.9908333333333333,0.5916666666666667
soft,9,3,0.01777341384983932,0.013552012775714198,0.9908333333333333,0.7083333333333334
soft,9,4,0.01435007768139864,0.007826818599520871,0.9833333333333333,0.7
soft,9,5,0.01163892372782963,0.028596558685724933,0.9666666666666667,0.6083333333333333
soft,9,6,0.009412509381266622,0.00926228926012603,0.7908333333333334,0.7083333333333334
soft,9,7,0.005831879322067834,0.005599888337504429,0.5991666666666666,0.675
soft,9,8,0.002636241398868151,0.002696787336996446,0.6241666666666666,0.6666666666666666
soft,9,9,0.00480598142875048,0.002245364924116681,0.8216666666666667,0.6166666666666667
soft,9,10,0.002413126395937676,0.005722367324779043,0.575,0.6333333333333333
