variant,seed,n_params,best_epoch,seconds,val_acc,val_recon_mse,ood_acc,ood_auroc,ood_recon_mse,ood_acc_Forest,ood_acc_DenseResidential,ood_acc_MediumResidential,val_acc_masked,ood_acc_masked,ood_auroc_masked,ood_acc_Forest_masked
cnn,0,23714,9,69.0,1.0,,0.65,0.8141666650772095,,0.31666666666666665,1.0,0.9666666666666667,,,,
cnn,1,23714,7,75.0,1.0,,0.675,0.8123611211776733,,0.35,1.0,1.0,,,,
cnn,2,23714,8,73.6,1.0,,0.7333333333333333,0.8269444704055786,,0.48333333333333334,1.0,0.9666666666666667,,,,
cnn,3,23714,10,66.2,1.0,,0.675,0.8063889145851135,,0.35,1.0,1.0,,,,
cnn,4,23714,10,51.9,1.0,,0.675,0.8136110901832581,,0.35,1.0,1.0,,,,
cnn,5,23714,9,65.8,1.0,,0.7166666666666667,0.8145833611488342,,0.45,1.0,0.9666666666666667,,,,
cnn,6,23714,6,66.5,0.9991666666666666,,0.7,0.8411111235618591,,0.4,1.0,1.0,,,,
cnn,7,23714,10,67.5,0.9991666666666666,,0.7166666666666667,0.8558333516120911,,0.45,1.0,0.9666666666666667,,,,
cnn,8,23714,10,68.3,0.9991666666666666,,0.7,0.8409722447395325,,0.4166666666666667,1.0,0.9666666666666667,,,,
cnn,9,23714,9,66.0,0.9983333333333333,,0.6916666666666667,0.8034722208976746,,0.4,1.0,0.9666666666666667,,,,
hard_a1.0,0,193221,8,240.0,1.0,0.17799320816993713,0.6333333333333333,0.7066666483879089,0.2043907791376114,0.6,0.7666666666666667,0.5666666666666667,,,,
hard_a1.0,1,193221,9,225.4,1.0,0.2116849571466446,0.65,0.79666668176651,0.2472516894340515,0.43333333333333335,1.0,0.7333333333333333,,,,
hard_a1.0,2,193221,5,262.7,1.0,0.20788417756557465,0.6916666666666667,0.7831944227218628,0.234744131565094,0.4166666666666667,1.0,0.9333333333333333,,,,
hard_a1.0,3,193221,10,246.6,1.0,0.21899902820587158,0.6166666666666667,0.6944444179534912,0.2529524564743042,0.6166666666666667,0.6333333333333333,0.6,,,,
hard_a1.0,4,193221,10,339.9,1.0,0.16247732937335968,0.675,0.7593055367469788,0.18528848886489868,0.45,1.0,0.8,,,,
hard_a1.0,5,193221,7,359.6,1.0,0.20616327226161957,0.6166666666666667,0.7186111211776733,0.2441147416830063,0.6833333333333333,0.7666666666666667,0.3333333333333333,,,,
hard_a1.0,6,193221,8,360.6,1.0,0.22394831478595734,0.6666666666666666,0.7036111354827881,0.2578791677951813,0.43333333333333335,0.9666666666666667,0.8333333333333334,,,,
hard_a1.0,7,193221,10,594.0,1.0,0.19652734696865082,0.7583333333333333,0.8265277743339539,0.23277024924755096,0.5666666666666667,1.0,0.9,,,,
hard_a1.0,8,193221,5,148.6,1.0,0.20011553168296814,0.65,0.7879166603088379,0.2333814650774002,0.4,1.0,0.8,,,,
hard_a1.0,9,193221,9,116.6,1.0,0.208824023604393,0.6583333333333333,0.7952777743339539,0.23743733763694763,0.38333333333333336,1.0,0.8666666666666667,,,,
hard_a0.8,0,193221,9,349.3,1.0,0.007049854379147291,0.625,0.7505555748939514,0.015525410883128643,0.65,0.7666666666666667,0.43333333333333335,,,,
hard_a0.8,1,193221,9,332.8,1.0,0.006989272311329842,0.7166666666666667,0.7740277647972107,0.01580643467605114,0.5833333333333334,1.0,0.7,,,,
hard_a0.8,2,193221,10,342.0,1.0,0.005808922462165356,0.7,0.7604166865348816,0.01664893887937069,0.5,0.9666666666666667,0.8333333333333334,,,,
hard_a0.8,3,193221,10,334.8,1.0,0.006573292426764965,0.7,0.7561110854148865,0.020481225103139877,0.6166666666666667,0.8666666666666667,0.7,,,,
hard_a0.8,4,193221,10,364.0,1.0,0.005414942279458046,0.6833333333333333,0.7922222018241882,0.01558906864374876,0.45,1.0,0.8333333333333334,,,,
hard_a0.6,0,193221,9,192.5,1.0,0.006357538513839245,0.775,0.7908333539962769,0.013509511947631836,0.7166666666666667,0.9666666666666667,0.7,,,,
hard_a0.6,1,193221,10,185.3,1.0,0.006249759811908007,0.7,0.8438888788223267,0.015323309227824211,0.45,1.0,0.9,,,,
hard_a0.6,2,193221,10,187.6,1.0,0.005338124465197325,0.7166666666666667,0.7633333206176758,0.014162054285407066,0.5833333333333334,0.9666666666666667,0.7333333333333333,,,,
hard_a0.6,3,193221,10,196.1,1.0,0.00651806453242898,0.6333333333333333,0.7016666531562805,0.017327524721622467,0.6166666666666667,0.6666666666666666,0.6333333333333333,,,,
hard_a0.6,4,193221,10,189.3,1.0,0.00531237805262208,0.7083333333333334,0.7666666507720947,0.014136380515992641,0.5333333333333333,1.0,0.7666666666666667,,,,
hard_a0.6,5,193221,7,190.9,1.0,0.006163328420370817,0.6916666666666667,0.7595833539962769,0.01503594871610403,0.5333333333333333,1.0,0.7,,,,
hard_a0.6,6,193221,8,202.6,1.0,0.006316531449556351,0.6666666666666666,0.7495833039283752,0.019508808851242065,0.43333333333333335,1.0,0.8,,,,
hard_a0.6,7,193221,10,195.8,1.0,0.005465599708259106,0.75,0.792638897895813,0.013520199805498123,0.5666666666666667,1.0,0.8666666666666667,,,,
hard_a0.6,8,193221,9,223.0,0.9991666666666666,0.005858415737748146,0.6833333333333333,0.7247222065925598,0.013092589564621449,0.6166666666666667,0.8,0.7,,,,
hard_a0.6,9,193221,9,281.4,1.0,0.006329548079520464,0.675,0.804027795791626,0.012761400081217289,0.4166666666666667,1.0,0.8666666666666667,,,,
hard_a0.4,0,193221,9,336.8,1.0,0.0054550631903111935,0.725,0.7955555319786072,0.011449303478002548,0.5833333333333334,1.0,0.7333333333333333,,,,
hard_a0.4,1,193221,9,356.5,0.9991666666666666,0.005738894920796156,0.725,0.7877777814865112,0.012012998573482037,0.6,1.0,0.7,,,,
hard_a0.4,2,193221,10,350.5,1.0,0.004605704918503761,0.7333333333333333,0.7855555415153503,0.012865813449025154,0.5333333333333333,1.0,0.8666666666666667,,,,
hard_a0.4,3,193221,10,359.6,1.0,0.0054246122017502785,0.6083333333333333,0.7013888955116272,0.016104681417346,0.6333333333333333,0.6666666666666666,0.5,,,,
hard_a0.4,4,193221,10,226.7,1.0,0.005295042414218187,0.7,0.8097222447395325,0.010994608514010906,0.45,1.0,0.9,,,,
hard_a0.2,0,193221,9,277.2,1.0,0.004970510955899954,0.7333333333333333,0.7752777934074402,0.011069764383137226,0.65,1.0,0.6333333333333333,,,,
hard_a0.2,1,193221,10,276.2,1.0,0.005215993616729975,0.6583333333333333,0.8763889074325562,0.011428671889007092,0.3333333333333333,1.0,0.9666666666666667,,,,
hard_a0.2,2,193221,10,298.9,1.0,0.004166636615991592,0.725,0.7799999713897705,0.013118215836584568,0.6,1.0,0.7,,,,
hard_a0.2,3,193221,10,272.3,1.0,0.004798517562448978,0.6416666666666667,0.7124999761581421,0.011222219094634056,0.6166666666666667,0.7,0.6333333333333333,,,,
hard_a0.2,4,193221,10,243.7,1.0,0.005533432587981224,0.7166666666666667,0.793055534362793,0.01003501657396555,0.5333333333333333,1.0,0.8,,,,
soft,0,359813,10,204.1,0.7275,0.010795939713716507,0.575,0.8459722399711609,0.022631464526057243,0.15,1.0,1.0,0.9991666666666666,0.6916666666666667,0.8809722065925598,0.4
soft,1,359813,7,214.1,0.5008333333333334,0.01298033818602562,0.5,0.789722204208374,0.019465740770101547,0.0,1.0,1.0,0.9966666666666667,0.725,0.8943055272102356,0.45
soft,2,359813,10,257.5,0.5183333333333333,0.01755049079656601,0.625,0.7486110925674438,0.019480165094137192,0.26666666666666666,1.0,0.9666666666666667,0.9975,0.7916666666666666,0.9154166579246521,0.6
soft,3,359813,9,254.3,0.5,0.03841488063335419,0.5,0.5166666507720947,0.03926262632012367,0.0,1.0,1.0,0.9991666666666666,0.6833333333333333,0.929027795791626,0.36666666666666664
soft,4,359813,10,267.3,0.5033333333333333,0.02064085379242897,0.575,0.706944465637207,0.0245650727301836,0.15,1.0,1.0,1.0,0.7166666666666667,0.8808333277702332,0.45
soft,5,359813,8,259.2,0.5033333333333333,0.01870640739798546,0.5,0.8170833587646484,0.02707279473543167,0.0,1.0,1.0,0.9975,0.6833333333333333,0.9044444561004639,0.36666666666666664
soft,6,359813,9,267.1,0.5,0.012444514781236649,0.5416666666666666,0.6943055391311646,0.019927052780985832,0.08333333333333333,1.0,1.0,1.0,0.6833333333333333,0.89041668176651,0.36666666666666664
soft,7,359813,3,262.6,0.9958333333333333,0.01618000492453575,0.7416666666666667,0.8430555462837219,0.027215324342250824,0.5166666666666667,1.0,0.9333333333333333,0.9966666666666667,0.7833333333333333,0.8640277981758118,0.6
soft,8,359813,9,366.6,0.5016666666666667,0.012776527553796768,0.5583333333333333,0.8113889098167419,0.01879405602812767,0.18333333333333332,1.0,0.8666666666666667,0.9975,0.8333333333333334,0.9090277552604675,0.7166666666666667
soft,9,359813,9,448.7,0.8216666666666667,0.009973629377782345,0.6166666666666667,0.668749988079071,0.01832282356917858,0.6333333333333333,0.6333333333333333,0.5666666666666667,0.9991666666666666,0.7416666666666667,0.8362500071525574,0.55
cnn_masked,0,23714,9,144.8,0.9675,,0.7583333333333333,0.8052777647972107,,0.7,0.8333333333333334,0.8,0.9958333333333333,0.7,0.8155555725097656,0.4166666666666667
cnn_masked,1,23714,10,147.6,0.9658333333333333,,0.7583333333333333,0.8038889169692993,,0.7,0.8333333333333334,0.8,0.9925,0.7083333333333334,0.8131944537162781,0.43333333333333335
cnn_masked,2,23714,9,137.5,0.9416666666666667,,0.7333333333333333,0.7552777528762817,,0.7666666666666667,0.7333333333333333,0.6666666666666666,0.9933333333333333,0.7166666666666667,0.7941666841506958,0.5
cnn_masked,3,23714,7,140.7,0.9691666666666666,,0.775,0.7861111164093018,,0.7,0.8333333333333334,0.8666666666666667,0.9958333333333333,0.7333333333333333,0.8059722185134888,0.5166666666666667
cnn_masked,4,23714,10,124.1,0.9483333333333334,,0.75,0.7911111116409302,,0.7666666666666667,0.8,0.6666666666666666,0.9975,0.7083333333333334,0.8273611068725586,0.43333333333333335
cnn_masked,5,23714,9,148.5,0.9366666666666666,,0.725,0.7659721970558167,,0.75,0.7666666666666667,0.6333333333333333,0.9933333333333333,0.7166666666666667,0.7997221946716309,0.5166666666666667
cnn_masked,6,23714,9,142.0,0.9541666666666667,,0.75,0.7894444465637207,,0.7333333333333333,0.8,0.7333333333333333,0.9966666666666667,0.7083333333333334,0.8301388621330261,0.4166666666666667
cnn_masked,7,23714,10,132.5,0.9158333333333334,,0.7,0.7723610997200012,,0.7833333333333333,0.6333333333333333,0.6,0.9941666666666666,0.7583333333333333,0.8069444298744202,0.5833333333333334
cnn_masked,8,23714,9,125.4,0.9483333333333334,,0.7416666666666667,0.7952777743339539,,0.7,0.8333333333333334,0.7333333333333333,0.99,0.7083333333333334,0.8261111378669739,0.43333333333333335
cnn_masked,9,23714,6,160.9,0.9266666666666666,,0.7416666666666667,0.7724999785423279,,0.7833333333333333,0.7666666666666667,0.6333333333333333,0.9966666666666667,0.7333333333333333,0.8066666722297668,0.5
